variable,y,x,est,lci,uci
R,1949,all,649.9529658234909,7.964680958434123,53039.018133603255
R,1950,all,650.5381868026707,9.92873276792244,42623.760995539364
R,1951,all,651.905752436291,12.474826044427648,34067.0970918557
R,1952,all,654.2568425681225,15.808510138092394,27077.315465406762
R,1953,all,658.062558161555,20.235206461525742,21400.638104558173
R,1954,all,663.7463012261619,26.18365611995074,16825.730920584643
R,1955,all,672.0952019114106,34.30772913043698,13166.477988529756
R,1956,all,683.8919928745142,45.609213901745115,10254.687987507248
R,1957,all,700.5740006816017,61.666489015034536,7959.005584238221
R,1958,all,723.8614451723338,84.9585396355902,6167.424652712366
R,1959,all,756.4224375891372,119.5137115787972,4787.525184598155
R,1960,all,802.2337305430225,171.16616091174848,3759.966076196554
R,1961,all,868.180810504251,246.41215039064826,3058.850460632255
R,1962,all,967.872147960273,344.44161038531115,2719.696071996944
R,1963,all,1129.6916518496073,439.640673354643,2902.83248481249
R,1964,all,1420.692915160046,510.42821473423,3954.26487197005
R,1965,all,2001.5957171557486,640.7802215456124,6252.354988848623
R,1966,all,3124.7201307502187,985.6183417155634,9906.34557238525
R,1967,all,4788.631738419147,1919.1875061383612,11948.282204241279
R,1968,all,5346.51379293607,2579.3920066042474,11082.150237290953
R,1969,all,3319.9333951251374,1541.9533367111524,7148.04883238294
R,1970,all,2048.165923066493,1027.8896221471455,4081.161593642681
R,1971,all,1610.5000502938965,894.260581062293,2900.3966706388555
R,1972,all,969.1311999591046,520.514123380285,1804.399228660291
R,1973,all,681.5025548552048,361.61671222219456,1284.3591476181382
R,1974,all,1031.222220923735,509.56618886742564,2086.9109688978033
R,1975,all,1704.1129663530755,933.7682249031506,3109.9805333318996
R,1976,all,3205.104582924255,2200.0296449832367,4669.344074934198
R,1977,all,2092.259789842714,1326.5642032202702,3299.916443973129
R,1978,all,645.6128366209902,261.49150774341047,1593.9941545589447
R,1979,all,402.4617253343354,157.26842621157263,1029.929810203512
R,1980,all,334.9897719947433,149.5035330575958,750.6053204632857
R,1981,all,425.4723655176983,244.12671343759877,741.5277552798337
R,1982,all,376.86988679011523,215.4823648019323,659.1300949372198
R,1983,all,1243.1453257469273,967.1258324152908,1597.9412907076849
R,1984,all,954.7027161215566,682.2549221389328,1335.9482600907793
R,1985,all,1049.5323888456778,755.6295457799956,1457.749027136144
R,1986,all,1199.907800610841,900.3000339156822,1599.2210104721473
R,1987,all,845.983621931672,599.8520958022085,1193.1079237449505
R,1988,all,584.6421788464681,393.371351802475,868.9155316475059
R,1989,all,263.88146338894734,157.06785880454186,443.3333926512965
R,1990,all,143.71037650831187,74.87924725707975,275.8130332861762
R,1991,all,103.40982738849432,54.94632610088273,194.6188791746423
R,1992,all,116.9679540181177,70.60019293051666,193.7884543835392
R,1993,all,122.14391736193897,73.6911039380397,202.455055647753
R,1994,all,137.55172112294414,83.92408826651285,225.44750112505892
R,1995,all,230.32699116938437,160.5038350904198,330.52495494114305
R,1996,all,175.08997768684256,107.94904251085637,283.9904789641457
R,1997,all,450.5188866855893,350.00821960423934,579.8928593446224
R,1998,all,169.01711804488718,101.95036621392381,280.2028796273008
R,1999,all,797.9931392645452,640.526208385198,994.1717325176659
R,2000,all,254.95829939466037,143.2787724156585,453.68712569394694
R,2001,all,1134.7867195874169,907.1905473447562,1419.482271636364
R,2002,all,373.4932753525698,213.3634583082975,653.8009265486563
R,2003,all,1237.8112772693198,982.459818299906,1559.5312190848217
R,2004,all,640.7888528976973,464.1498840264919,884.650342764086
R,2005,all,233.9482647262404,137.17060049876602,399.0052560053597
R,2006,all,136.70153874078233,65.07127714066883,287.1821718467279
R,2007,all,247.7450021376101,144.91310025685533,423.54753279982276
R,2008,all,515.0170464402873,310.7168618690433,853.6471324039952
R,2009,all,1607.443005310733,1290.324270249418,2002.4989647160103
R,2010,all,573.2947601110567,388.37631589383136,846.2588178539705
R,2011,all,269.77816225369446,177.44794493717032,410.1498997621543
R,2012,all,85.51570129842182,41.13217447763585,177.79111514119086
R,2013,all,201.94593236216255,148.43519370281788,274.747238712627
R,2014,all,97.67054212280632,60.81983104027621,156.84908417857324
R,2015,all,118.81884235098252,78.05724912677609,180.86619059170445
R,2016,all,228.19487983637794,169.16495437595066,307.82323310189076
R,2017,all,972.2373870477027,817.0323383528278,1156.925488015566
R,2018,all,531.8172950506429,407.52312992399135,694.021061743745
R,2019,all,683.2084427136824,508.65328800938954,917.6658977708969
R,2020,all,217.71785904653734,68.19773343158407,695.05339492493
R,2021,all,1745.680971396347,1332.872088404217,2286.342463322044
R,2022,all,2114.767169335571,1563.8480249886748,2859.7664920361876
R,2023,all,2062.1409124570228,1470.3695094937236,2892.0792463203848
R,2024,all,933.1817653127175,503.75665730276336,1728.6683848006842
R,2025,all,656.6820768021696,303.5905070634438,1420.4375300282122
male MB,1948,male,0,0,0
male MB,1949,male,0,0,0
male MB,1950,male,0.051172,-0.17492944525654056,0.2772734452565406
male MB,1951,male,0.61409,-2.0710606588198734,3.2992406588198735
male MB,1952,male,3.9646,-13.230360032768342,21.15956003276834
male MB,1953,male,15.479,-50.879500624572586,81.83750062457258
male MB,1954,male,36.911,-118.22602926829886,192.04802926829885
male MB,1955,male,59.924,-184.42470995260845,304.27270995260847
male MB,1956,male,77.779,-226.83860247721506,382.3966024772151
male MB,1957,male,90.693,-247.55758445192245,428.94358445192245
male MB,1958,male,100.07,-252.44912225937404,452.589122259374
male MB,1959,male,107.09,-246.017111454736,460.197111454736
male MB,1960,male,112.57,-231.24688216801616,456.38688216801614
male MB,1961,male,117,-209.80439478220853,443.80439478220853
male MB,1962,male,120.96,-182.9520154427807,424.87201544278065
male MB,1963,male,124.97,-151.2281247013843,401.1681247013843
male MB,1964,male,129.83,-114.77350527059865,374.4335052705987
male MB,1965,male,135.82,-76.6400959241418,348.2800959241418
male MB,1966,male,143.81,-28.976504949082027,316.59650494908203
male MB,1967,male,140.99,14.895717054615687,267.08428294538436
male MB,1968,male,141.96,68.88862272837774,215.03137727162226
male MB,1969,male,135.42,91.57168573786991,179.26831426213005
male MB,1970,male,123.53,70.46397511857806,176.59602488142195
male MB,1971,male,194.71,31.66255609009752,357.7574439099025
male MB,1972,male,329.3,130.7948476457834,527.8051523542166
male MB,1973,male,439.53,283.8089014643082,595.2510985356918
male MB,1974,male,462.42,356.72502220570857,568.1149777942915
male MB,1975,male,424.42,345.99988101456796,502.84011898543207
male MB,1976,male,344.62,282.8321353873748,406.4078646126252
male MB,1977,male,253.89,204.88502049454502,302.89497950545496
male MB,1978,male,198.52,157.5822322549119,239.45776774508812
male MB,1979,male,176.22,137.22063663562201,215.21936336437798
male MB,1980,male,145.57,116.31557756675515,174.82442243324482
male MB,1981,male,136.01,112.4296733019986,159.59032669800138
male MB,1982,male,123.66,102.19643440530187,145.12356559469814
male MB,1983,male,93.393,74.89113598234034,111.89486401765966
male MB,1984,male,60.706,45.70972756508869,75.70227243491131
male MB,1985,male,56.049,44.93776817524398,67.16023182475601
male MB,1986,male,65.378,56.587757525736315,74.16824247426368
male MB,1987,male,81.368,72.68673152327673,90.04926847672326
male MB,1988,male,103.99,94.17959627178321,113.80040372821678
male MB,1989,male,114.61,104.17593573190257,125.04406426809743
male MB,1990,male,109.55,99.27508480744721,119.82491519255278
male MB,1991,male,110.86,101.02862465714864,120.69137534285136
male MB,1992,male,98.934,89.49148151168139,108.37651848831861
male MB,1993,male,88.371,79.54057826405324,97.20142173594675
male MB,1994,male,75.318,67.3740699742607,83.26193002573929
male MB,1995,male,60.813,54.04406838299248,67.58193161700753
male MB,1996,male,48.718,43.0292045348725,54.40679546512751
male MB,1997,male,40.542,35.64894991259576,45.43505008740424
male MB,1998,male,35.922,31.54657640091278,40.29742359908721
male MB,1999,male,34.707,30.558736226720978,38.85526377327902
male MB,2000,male,36.239,31.999597901439863,40.47840209856013
male MB,2001,male,40.302,35.70784442023812,44.89615557976188
male MB,2002,male,47.313,42.05343664748677,52.572563352513235
male MB,2003,male,57.179,51.02451709214578,63.333482907854226
male MB,2004,male,70.298,62.85209682273234,77.74390317726767
male MB,2005,male,84.594,75.78572585707855,93.40227414292144
male MB,2006,male,99.811,89.41809497557792,110.2039050244221
male MB,2007,male,113.61,101.93429854769644,125.28570145230356
male MB,2008,male,124.4,111.78155587113268,137.01844412886732
male MB,2009,male,123.16,110.61544651334984,135.70455348665016
male MB,2010,male,108.56,97.26041563632968,119.85958436367032
male MB,2011,male,92.916,83.14165960909875,102.69034039090124
male MB,2012,male,89.799,80.76474200966109,98.83325799033892
male MB,2013,male,103.35,93.72912478908823,112.97087521091176
male MB,2014,male,116.87,106.13527725667413,127.60472274332588
male MB,2015,male,110.95,100.34679084003676,121.55320915996325
male MB,2016,male,98.201,88.88254723190276,107.51945276809722
male MB,2017,male,79.892,72.08252350360016,87.70147649639983
male MB,2018,male,64.711,58.135516828266574,71.28648317173342
male MB,2019,male,55.036,49.32192099947193,60.750079000528075
male MB,2020,male,51.563,46.23601388641859,56.889986113581415
male MB,2021,male,60.245,54.14363211612681,66.34636788387319
male MB,2022,male,77.252,69.38686052643922,85.11713947356077
male MB,2023,male,91.259,81.87273247803769,100.64526752196231
male MB,2024,male,99.53,88.70159097821312,110.35840902178688
female MB,1948,female,0,0,0
female MB,1949,female,0,0,0
female MB,1950,female,0.031424,-0.10865854590304669,0.17150654590304668
female MB,1951,female,0.66354,-2.2509264450110598,3.57800644501106
female MB,1952,female,4.0309,-13.448646803323559,21.510446803323557
female MB,1953,female,11.763,-38.2670406693694,61.793040669369404
female MB,1954,female,21.399,-67.09729382995249,109.8952938299525
female MB,1955,female,29.751,-88.82094117271961,148.32294117271962
female MB,1956,female,36.036,-101.23399758523173,173.30599758523172
female MB,1957,female,40.684,-106.2642997408905,187.6322997408905
female MB,1958,female,44.176,-105.86120298052563,194.21320298052564
female MB,1959,female,46.889,-101.42539463811491,195.20339463811493
female MB,1960,female,49.112,-93.92029169977948,192.14429169977947
female MB,1961,female,51.087,-83.93687885894883,186.11087885894884
female MB,1962,female,53.027,-71.77566667957244,177.82966667957245
female MB,1963,female,55.149,-57.43721116393428,167.73521116393428
female MB,1964,female,57.71,-40.60767335648269,156.0276733564827
female MB,1965,female,61.068,-20.6076191637531,142.7436191637531
female MB,1966,female,65.844,3.88561852071983,127.80238147928016
female MB,1967,female,73.131,34.61182781183433,111.65017218816567
female MB,1968,female,85.542,70.61550228293832,100.46849771706168
female MB,1969,female,106.96,75.57313675157557,138.3468632484244
female MB,1970,female,138.69,79.14629414967318,198.23370585032683
female MB,1971,female,187.21,103.88997105321779,270.53002894678224
female MB,1972,female,231.78,153.73227417163054,309.82772582836947
female MB,1973,female,247.71,188.29761173663738,307.12238826336267
female MB,1974,female,234.67,189.85542349349166,279.4845765065083
female MB,1975,female,207.99,172.08541976721077,243.89458023278925
female MB,1976,female,176.96,147.65461850315714,206.26538149684288
female MB,1977,female,149.16,125.15632108133796,173.16367891866204
female MB,1978,female,133.09,112.18502414089579,153.99497585910422
female MB,1979,female,133.53,112.01743530568838,155.04256469431164
female MB,1980,female,117.47,99.69508662420625,135.24491337579374
female MB,1981,female,92.435,77.86051181456172,107.00948818543829
female MB,1982,female,67.831,55.66373958037381,79.9982604196262
female MB,1983,female,45.708,36.06732915284439,55.34867084715561
female MB,1984,female,30.61,23.18036452380402,38.03963547619598
female MB,1985,female,27.99,22.106580111207666,33.87341988879233
female MB,1986,female,33.334,28.114223916372932,38.55377608362707
female MB,1987,female,42.929,37.40229355639396,48.45570644360605
female MB,1988,female,53.385,47.32812329857587,59.44187670142413
female MB,1989,female,61.914,55.55509284855825,68.27290715144176
female MB,1990,female,67.407,60.889727758607414,73.92427224139259
female MB,1991,female,67.71,61.31483351484425,74.10516648515573
female MB,1992,female,62.191,56.132555327388246,68.24944467261176
female MB,1993,female,53.077,47.54617763202642,58.607822367973576
female MB,1994,female,42.982,38.14716084293659,47.816839157063406
female MB,1995,female,34.069,29.949939690090627,38.18806030990938
female MB,1996,female,27.164,23.66311233081456,30.664887669185443
female MB,1997,female,22.41,19.391851460206773,25.428148539793227
female MB,1998,female,19.553,16.8688293231724,22.237170676827603
female MB,1999,female,18.39,15.879286135804191,20.900713864195808
female MB,2000,female,18.714,16.22386575764186,21.204134242358137
female MB,2001,female,20.344,17.70294853083228,22.985051469167722
female MB,2002,female,23.243,20.29678213843939,26.189217861560607
female MB,2003,female,27.669,24.211427534872893,31.126572465127108
female MB,2004,female,33.126,29.061426688860834,37.19057331113916
female MB,2005,female,39.506,34.70075629910315,44.31124370089685
female MB,2006,female,45.734,40.22042531509038,51.24757468490962
female MB,2007,female,51.199,45.08038443306286,57.317615566937135
female MB,2008,female,52.42,46.14478331069811,58.695216689301894
female MB,2009,female,47.543,41.70642325043818,53.37957674956182
female MB,2010,female,40.478,35.338778436137524,45.61722156386248
female MB,2011,female,36.822,32.14219399411372,41.50180600588629
female MB,2012,female,40.659,35.72067474455288,45.59732525544712
female MB,2013,female,49.295,43.62188424674882,54.96811575325118
female MB,2014,female,52.917,47.10492280024493,58.729077199755075
female MB,2015,female,48.232,42.91971361630264,53.54428638369736
female MB,2016,female,40.064,35.472784366214924,44.655215633785076
female MB,2017,female,32.593,28.693063663562207,36.4929363364378
female MB,2018,female,26.787,23.457217186664902,30.116782813335096
female MB,2019,female,23.453,20.52540179629252,26.38059820370748
female MB,2020,female,24.814,21.82662289476405,27.80137710523595
female MB,2021,female,30.736,27.077923219254444,34.39407678074556
female MB,2022,female,36.62,32.29886740328454,40.941132596715455
female MB,2023,female,40.334,35.48446111305255,45.18353888694746
female MB,2024,female,46.673,40.887382314036216,52.45861768596379
